{"metaInfo": {"Model-Type": "Regression", "Metric": "Gamma Deviance", "Target-Name": "amount", "Is-Time-Series": false, "Training-Set-Percentage": 79.999972, "Feature-Lists": "retraining_no_service_code", "Model-Name": "eXtreme Gradient Boosted Trees Regressor with Early Stopping (learning rate =0.02) (Gamma Loss)", "Project-ID": "6614d0f2a239817eb2fd1f89", "Model-ID": "6614d4ab4e0587bc44e60d7e", "Is-Traditional-Time-Series": false}, "configColumnIndexes": {"exposure": -1, "offset": [], "forecastDistance": -1}, "configModelProps": {"lid": ["6614d4ab4e0587bc44e60d7e"], "type": "regression", "labels": [], "modelAggregationType": "regular"}, "blueprints": [[{"parents": [], "info": {"code": "DP", "type": "transform", "name": "DP_WX09Z"}, "configInput": {"isSparse": false, "isSinglePrecision": false, "numDouble": 1, "srcStartDouble": [], "destStartDouble": [], "qtyDouble": [], "numString": 7, "srcStartString": [], "destStartString": [], "qtyString": [], "addPredictionToBoost": [], "inputTransformType": null}, "configOutput": {"isSparse": false, "isSinglePrecision": false, "numDouble": 2, "numString": 6, "outputTransformType": null}, "anonymousTransform": "null;"}, {"parents": ["DP_WX09Z"], "info": {"code": "ORDCAT2", "type": "transform", "name": "V1_WX09Z"}, "configInput": {"isSparse": false, "isSinglePrecision": false, "numDouble": 0, "srcStartDouble": [[]], "destStartDouble": [[]], "qtyDouble": [[]], "numString": 4, "srcStartString": [[0, 5]], "destStartString": [[0, 3]], "qtyString": [[3, 1]], "addPredictionToBoost": [], "inputTransformType": null}, "configOutput": {"isSparse": false, "isSinglePrecision": true, "numDouble": 4, "numString": 0, "outputTransformType": null}, "anonymousTransform": "null;"}, {"parents": ["DP_WX09Z"], "info": {"code": "PNIA3", "type": "transform", "name": "V2_WX09Z"}, "configInput": {"isSparse": false, "isSinglePrecision": false, "numDouble": 2, "srcStartDouble": [[0]], "destStartDouble": [[0]], "qtyDouble": [[2]], "numString": 0, "srcStartString": [[]], "destStartString": [[]], "qtyString": [[]], "addPredictionToBoost": [], "inputTransformType": null}, "configOutput": {"isSparse": false, "isSinglePrecision": true, "numDouble": 2, "numString": 0, "outputTransformType": null}, "anonymousTransform": "null;"}, {"parents": ["DP_WX09Z"], "info": {"code": "SCTXT4", "type": "transform", "name": "V3_WX09Z"}, "configInput": {"isSparse": false, "isSinglePrecision": false, "numDouble": 0, "srcStartDouble": [[]], "destStartDouble": [[]], "qtyDouble": [[]], "numString": 2, "srcStartString": [[3]], "destStartString": [[0]], "qtyString": [[2]], "addPredictionToBoost": [], "inputTransformType": null}, "configOutput": {"isSparse": false, "isSinglePrecision": false, "numDouble": 0, "numString": 1, "outputTransformType": null}, "anonymousTransform": "null;"}, {"parents": ["V3_WX09Z"], "info": {"code": "AutoTunedNGramModeler", "type": "predict", "name": "V4_WX09Z"}, "configInput": {"isSparse": false, "isSinglePrecision": false, "numDouble": 0, "srcStartDouble": [], "destStartDouble": [], "qtyDouble": [], "numString": 1, "srcStartString": [[0]], "destStartString": [[0]], "qtyString": [], "addPredictionToBoost": [], "inputTransformType": null}, "configOutput": {"isSparse": false, "isSinglePrecision": false, "numDouble": 1, "numString": 0, "outputTransformType": null}, "anonymousTransform": "null;"}, {"parents": ["DP_WX09Z"], "info": {"code": "SCTXT4", "type": "transform", "name": "V5_WX09Z"}, "configInput": {"isSparse": false, "isSinglePrecision": false, "numDouble": 0, "srcStartDouble": [[]], "destStartDouble": [[]], "qtyDouble": [[]], "numString": 2, "srcStartString": [[3]], "destStartString": [[0]], "qtyString": [[2]], "addPredictionToBoost": [], "inputTransformType": null}, "configOutput": {"isSparse": false, "isSinglePrecision": false, "numDouble": 0, "numString": 1, "outputTransformType": null}, "anonymousTransform": "null;"}, {"parents": ["V5_WX09Z"], "info": {"code": "AutoTunedNGramModeler", "type": "predict", "name": "V6_WX09Z"}, "configInput": {"isSparse": false, "isSinglePrecision": false, "numDouble": 0, "srcStartDouble": [], "destStartDouble": [], "qtyDouble": [], "numString": 1, "srcStartString": [[0]], "destStartString": [[0]], "qtyString": [], "addPredictionToBoost": [], "inputTransformType": null}, "configOutput": {"isSparse": false, "isSinglePrecision": false, "numDouble": 1, "numString": 0, "outputTransformType": null}, "anonymousTransform": "null;"}, {"parents": ["V4_WX09Z", "V6_WX09Z"], "info": {"code": "BIND", "type": "transform", "name": "V7_WX09Z"}, "configInput": {"isSparse": false, "isSinglePrecision": false, "numDouble": 2, "srcStartDouble": [[0], [0]], "destStartDouble": [[0], [1]], "qtyDouble": [[1], [1]], "numString": 0, "srcStartString": [[], []], "destStartString": [[], []], "qtyString": [[], []], "addPredictionToBoost": [false, false], "inputTransformType": null}, "configOutput": {"isSparse": false, "isSinglePrecision": false, "numDouble": 2, "numString": 0, "outputTransformType": null}, "anonymousTransform": "null;"}, {"parents": ["V1_WX09Z", "V2_WX09Z", "V7_WX09Z"], "info": {"code": "BaseModeler", "type": "predict", "name": "V8_WX09Z"}, "configInput": {"isSparse": false, "isSinglePrecision": true, "numDouble": 8, "srcStartDouble": [[0], [0], [0]], "destStartDouble": [[0], [4], [6]], "qtyDouble": [[4], [2], [2]], "numString": 0, "srcStartString": [[], [], []], "destStartString": [[], [], []], "qtyString": [[], [], []], "addPredictionToBoost": [false, false, false], "inputTransformType": null}, "configOutput": {"isSparse": false, "isSinglePrecision": true, "numDouble": 1, "numString": 0, "outputTransformType": null}, "anonymousTransform": "null;"}]], "additions": {"inputTransformType": null, "outputTransformType": null}, "isTS": false, "pid": "6614d0f2a239817eb2fd1f89"}